route_id,trip_headsign,shape_id
A1,ГАРА ПОДУЯНЕ,A1061
A1,Ж.К. ЗАПАДЕН ПАРК,A1058
A1,Ж.К. ЗАПАДЕН ПАРК,A1060
A1,ХОТЕЛ ПЛИСКА,A1059
A1,ХОТЕЛ ПЛИСКА,A2567
A100,АП ДРУЖБА,A2710
A100,ЦЕНТРАЛНА ГАРА,A674
A101,АВТОСТАНЦИЯ БАНКЯ,A2771
A101,Ж.К. ЛЮЛИН-8,A1407
A103,Ж.К. ОБЕЛЯ-1,A1737
A103,ПЛОДОХРАНИЛИЩЕ,A1738
A103,ПЛОДОХРАНИЛИЩЕ,A4096
A104,МЕТРОСТАНЦИЯ КН. МАРИЯ ЛУИЗА,A4244
A104,СЕЛО КЪТИНА,A4305
A104,СЕЛО КЪТИНА,A4243
A105,АВТОСТАНЦИЯ КНЯЖЕВО,A3508
A105,МЕТРОСТАНЦИЯ МИЗИЯ,A3461
A105,МЕТРОСТАНЦИЯ МИЗИЯ,A4086
A105,С. МЪРЧАЕВО-ТОЛУМСКА МАХАЛА,A3614
A105,С. МЪРЧАЕВО-ТОЛУМСКА МАХАЛА,A70
A106,ЗООПАРКА,A3575
A106,КВ. СИМЕОНОВО,A3574
A106,КВ. СИМЕОНОВО,A3576
A106,МЕТРОСТАНЦИЯ ВИТОША,A3577
A108,БУЛ. НИКОЛА ПЕТКОВ,A1050
A108,БУЛ. ПРАГА,A407
A108,КВ. ГОРНА БАНЯ,A3002
A108,КВ. ГОРНА БАНЯ,A417
A109,КВ. ОБЕЛЯ,A2566
A109,СЕЛО БАЛША,A2630
A110,АП МАЛАШЕВЦИ,A3408
A110,ГРАД БУХОВО,A3407
A12,АП ЗЕМЛЯНЕ,A862
A12,БАЛКАНКАР АД,A2450
A12,Ж.К. ОВЧА КУПЕЛ-2,A860
A12,Ж.К. ОВЧА КУПЕЛ-2,A2292
A12,СТУДЕНТСКИ ГРАД,A859
A12,СТУДЕНТСКИ ГРАД,A861
A121,Ж.К. ЛЮЛИН-5,A4219
A121,Ж.К. ЛЮЛИН-8,A4220
A13,МЕТРОСТАНЦИЯ СЛИВНИЦА,A4241
A13,СЕЛО ГОЛЯНОВЦИ,A4240
A167,МЕТРОСТАНЦИЯ Г. М. ДИМИТРОВ,A2663
A167,СТУДЕНТСКИ ГРАД,A2664
A167,СТУДЕНТСКИ ГРАД,A1224
A174,АВТОСТАНЦИЯ БАНКЯ,A3248
A174,АВТОСТАНЦИЯ БАНКЯ,A4321
A174,КРАЯ НА КВ. МИХАЙЛОВО,A4320
A193,АВТОСТАНЦИЯ БАНКЯ,A3249
A193,КВ. ГРАДОМАН,A1697
A193,КВ. ГРАДОМАН,A1305
A193,МЕТРОСТАНЦИЯ СЛИВНИЦА,A1696
A195,КВ. КЛИСУРА,A1594
A195,МЕТРОСТАНЦИЯ СЛИВНИЦА,A1593
A195,МЕТРОСТАНЦИЯ СЛИВНИЦА,A4136
A2,АВТОБАЗА ИСКЪР,A3910
A2,УЛ. ГЕН. ГУРКО,A3909
A200,Ж.К. МЛАДОСТ-2,A3907
A200,СЕЛО БИСТРИЦА,A3908
A200,СЕЛО БИСТРИЦА,A4151
A201,Ж.К. ВРЪБНИЦА 2,A1672
A201,Ж.К. ХАДЖИ ДИМИТЪР,A2646
A217,Ж.К. ДРУЖБА-2,A2792
A217,НИМ,A2791
A22,БЛ. 13 Ж.К. ЗАПАДЕН ПАРК,A4311
A22,ГАРА ЗАХАРНА ФАБРИКА,A4177
A22,СЕЛО МАЛО БУЧИНО,A4176
A22,СЕЛО МАЛО БУЧИНО,A4310
A224,"Ж.К. ЛЮЛИН-1,2",A4230
A224,Ж.К. МЛАДОСТ-4,A4229
A225,КВ. ОБЕЛЯ,A3967
A225,Студентски град,A3961
A226,Ж.К. ЛЕВСКИ Г,A3870
A226,Ж.К. ОВЧА КУПЕЛ 2,A4052
A227,Ж.К. ГОЦЕ ДЕЛЧЕВ,A4216
A227,Ж.К. ДРУЖБА-2,A4215
A24,АВТОСТАНЦИЯ КНЯЖЕВО,A1637
A24,АВТОСТАНЦИЯ КНЯЖЕВО,A4085
A24,ГАРА ВЛАДАЯ,A71
A242,32 СУ СВ. КЛИМЕНТ ОХРИДСКИ,A4300
A243,18 СУ УИЛЯМ ГЛАДСТОН,A3717
A25,БУЛ. ЦАР БОРИС ІІІ,A2233
A25,БУЛ. ЦАР БОРИС ІІІ,A1923
A25,БУЛ. ЦАР БОРИС ІІІ,A1924
A25,Ж.К. КРАСНО СЕЛО,A4166
A25,ЗЛАТНИ МОСТОВЕ,A4062
A25,ЗЛАТНИ МОСТОВЕ,A4063
A25,УЛ. БЯЛАТА ЧЕШМА,A3987
A25,УЛ. БЯЛАТА ЧЕШМА,A4027
A251,Ж.К. БЪКСТОН,A3649
A251,Ж.К. МЛАДОСТ-1,A3648
A251,Ж.К. МЛАДОСТ-1,A4213
A251,УЛ. Т. КАБЛЕШКОВ,A3650
A252,Ж.К. ЛОЗЕНЕЦ,A3647
A252,МЕТРОСТАНЦИЯ АКАД. А. Т.- БАЛАН,A3660
A253,Метростанция Горна баня,A3816
A254,ВЗ. ЛЮЛИН,A3820
A254,КАНТОНА,A3817
A254,МЕТРОСТАНЦИЯ ГОРНА БАНЯ,A3819
A254,МЕТРОСТАНЦИЯ ГОРНА БАНЯ,A3818
A255,МЕТРОСТАНЦИЯ ГОРНА БАНЯ,A3822
A255,ПЛ. СРЕД СЕЛО,A3821
A256,МЕТРОСТАНЦИЯ ВИТОША,A3839
A256,СТУДЕНТСКИ ГРАД,A3827
A259,АВТОСТАНЦИЯ БАНКЯ,A3883
A259,ПЛ. СВ. АЛЕКСАНДЪР НЕВСКИ,A3970
A26,Ж.К. ЛЮЛИН-5,A4260
A26,СТАДИОН ЛОКОМОТИВ - ВРЕМЕННА,A4261
A262,АВТОСТАНЦИЯ БАНКЯ,A3841
A262,МАНАСТИР СВ. ПЕТКА ПАРАСКЕВА,A3840
A27,КВ. ИВАНЯНЕ,A251
A27,КВ. ИВАНЯНЕ,A4318
A27,МЕТРОСТАНЦИЯ СЛИВНИЦА,A2709
A27,МЕТРОСТАНЦИЯ СЛИВНИЦА,A4319
A27,СЕВЕРНА ПРОМИШЛЕНА ЗОНА,A4316
A27,СЕВЕРНА ПРОМИШЛЕНА ЗОНА,A4317
A28,ЗООПАРКА,A3041
A28,ЗООПАРКА,A3714
A28,КМЕТСТВО ЖЕЛЕЗНИЦА,A3572
A28,КМЕТСТВО ЖЕЛЕЗНИЦА,A2626
A28,МЕТРОСТАНЦИЯ ВИТОША,A3645
A28,МЕТРОСТАНЦИЯ ВИТОША,A3715
A29,БОЯНСКА ЦЪРКВА,A116
A29,КВ. КАРПУЗИЦА,A117
A29,КВ. КАРПУЗИЦА,A836
A29,КВ. ОВЧА КУПЕЛ,A823
A29,НЦ ПО РЕХАБИЛИТАЦИЯ,A2124
A3,БУЛ. НИКОЛА ПЕТКОВ,A2388
A3,БУЛ. НИКОЛА ПЕТКОВ,A1801
A3,"Ж.К. ЛЮЛИН-1,2",A2387
A3,"Ж.К. ЛЮЛИН-1,2",A2389
A3,Ж.К. МЛАДОСТ-1,A2386
A3,Ж.К. МЛАДОСТ-1,A2358
A31,АВТОСТАНЦИЯ БАНКЯ,A1304
A31,АВТОСТАНЦИЯ БАНКЯ,A2628
A31,КВ. ИВАНЯНЕ,A1858
A32,БАЛКАН СТАР,A3592
A32,КВ. БЕНКОВСКИ,A3904
A32,КВ. БЕНКОВСКИ,A3905
A32,ПЪТНОСТРОИТЕЛНА ТЕХНИКА - ВРЕМЕННА,A3591
A32,ПЪТНОСТРОИТЕЛНА ТЕХНИКА - ВРЕМЕННА,A3661
A32,УЛ. РОЯК,A778
A34,АВТОСТАНЦИЯ ИЗТОК,A1598
A34,ГРАД БУХОВО,A1597
A34,ГРАД БУХОВО,A1599
A35,АВТОСТАНЦИЯ ИЗТОК,A3027
A35,СЕЛО ЖЕЛЯВА,A3239
A36,АВТОСТАНЦИЯ ИЗТОК,A1428
A36,АВТОСТАНЦИЯ ИЗТОК,A1281
A36,МК КРЕМИКОВЦИ,A1426
A36,СУПЕРМАРКЕТ,A1427
A37,Ж.К. ЛЕВСКИ Г,A3850
A37,ЗООПАРКА,A3851
A37,ЗООПАРКА,A1437
A38,АВТОСТАНЦИЯ ИЗТОК,A1842
A38,СЕЛО ДОЛНИ БОГРОВ,A1054
A4,АВТОСТАНЦИЯ ГЕО МИЛЕВ,A94
A4,АВТОСТАНЦИЯ ГЕО МИЛЕВ,A228
A4,Ж.К. ОВЧА КУПЕЛ-2,A93
A40,ПЛ. ЛЪВОВ МОСТ,A2815
A40,ПЛ. ЛЪВОВ МОСТ,A2814
A40,СЕЛО ЛОКОРСКО,A2817
A40,СЕЛО ЛОКОРСКО,A2816
A41,МЕЛНИЦАТА ЧЕПИНЦИ,A174
A41,СТАНЦИЯ ОРЛАНДОВЦИ,A176
A42,СЕЛО ВОЙНЕГОВЦИ,A2857
A42,ЦЕНТРАЛНА ГАРА,A2863
A43,БОЛНИЦАТА С. ПОДГУМЕР,A3405
A43,СЕЛО ПОДГУМЕР,A3406
A43,ЦЕНТРАЛНА ГАРА,A2861
A43,ЦЕНТРАЛНА ГАРА,A2862
A44,ФОНДОВИ ЖИЛИЩА,A1070
A44,ЦЕНТРАЛНА ГАРА,A1071
A45,АВТОСТАНЦИЯ ОРЛАНДОВЦИ,A1600
A45,ГАРА КУРИЛО,A2381
A46,АВТОСТАНЦИЯ ОРЛАНДОВЦИ,A28
A46,АВТОСТАНЦИЯ ОРЛАНДОВЦИ,A1323
A46,КВ. БЕНКОВСКИ,A3906
A46,МАНАСТИР СВ. МИНА,A1322
A46,МАНАСТИР СВ.МИНА,A1322
A48,Ж.К. ОБЕЛЯ-1,A4249
A48,МОДНА КЪЩА АГРЕСИЯ,A4252
A48,НАЧАЛО КВ. ГНИЛЯНЕ,A4304
A48,НАЧАЛО КВ. ГНИЛЯНЕ,A4308
A48,НАЧАЛО КВ. ГНИЛЯНЕ,A4250
A48,НАЧАЛО КВ. ГНИЛЯНЕ,A2796
A48,СЕЛО МИРОВЯНЕ - ПО ЖЕЛАНИЕ,A4309
A48,СЕЛО МИРОВЯНЕ - ПО ЖЕЛАНИЕ,A4253
A49,СЕЛО ЛОКОРСКО,A622
A49,СЕЛО ЛОКОРСКО,A1447
A49,СЕЛО ЛОКОРСКО,A181
A49,СЕЛО ЧЕПИНЦИ,A2781
A49,ЦЕНТЪР С. МРАМОР,A621
A49,ЦЕНТЪР С. МРАМОР,A620
A49,ЦЕНТЪР СЕЛО МРАМОР,A621
A49,ЦЕНТЪР СЕЛО МРАМОР,A620
A50,ГАРА СОФИЯ СЕВЕР,A4246
A50,ГАРА СОФИЯ СЕВЕР,A4248
A50,СЕЛО БАЛША,A4306
A50,СЕЛО БАЛША,A1840
A50,СЕЛО БАЛША,A4245
A50,СЕЛО МИРОВЯНЕ - ПО ЖЕЛАНИЕ,A4307
A50,СЕЛО МИРОВЯНЕ - ПО ЖЕЛАНИЕ,A4247
A52,ПЛОЩАДА КВ. ВРАЖДЕБНА,A3568
A52,ПЛОЩАДА КВ. ВРАЖДЕБНА,A3569
A52,ЦЕНТРАЛНА ГАРА,A4026
A52,ЦЕНТРАЛНА ГАРА,A530
A53,КВ. ХРИСТО БОТЕВ,A90
A53,КВ. ХРИСТО БОТЕВ,A1319
A53,СТИНД,A89
A53,СТИНД,A1318
A54,Ж.К. ЛЮЛИН-5,A1731
A54,Ж.К. ЛЮЛИН-5,A1733
A54,ЦЕНТРАЛНА ГАРА,A1732
A55,Ж.К. ВРЪБНИЦА 2,A197
A55,Ж.К. ВРЪБНИЦА 2,A289
A55,Ж.К. ВРЪБНИЦА-2,A197
A55,Ж.К. ХАДЖИ ДИМИТЪР,A2645
A56,АП МАЛАШЕВЦИ,A1497
A56,Ж.К. СВОБОДА,A1496
A57,СТУДЕНТСКИ ГРАД,A140
A57,СУ СВ.КЛИМЕНТ ОХРИДСКИ,A141
A57,СУ СВ.КЛИМЕНТ ОХРИДСКИ,A290
A58,СТУДЕНТСКИ ГРАД,A96
A58,СУ СВ.КЛИМЕНТ ОХРИДСКИ,A97
A58,СУ СВ.КЛИМЕНТ ОХРИДСКИ,A402
A58,СУ СВ.КЛИМЕНТ ОХРИДСКИ,A4218
A59,БУЛ. ИЛИЯНЦИ-ПОДЛЕЗА,A1734
A59,БУЛ. ИЛИЯНЦИ-ПОДЛЕЗА,A1492
A59,"Ж.К. ЛЮЛИН-1,2",A1735
A59,"Ж.К. ЛЮЛИН-1,2",A1736
A59,ПЛ. СТОЧНА ГАРА,A165
A6,ЗООПАРКА,A2347
A6,ЗООПАРКА,A4135
A6,ЦЕНТЪР ПО ХИГИЕНА,A3268
A6,ЦЕНТЪР ПО ХИГИЕНА,A2377
A60,Ж.К. ЛЮЛИН-5,A191
A60,ПЛ. СТОЧНА ГАРА,A3725
A60,ПЛ. СТОЧНА ГАРА,A190
A61,БУЛ. БЪЛГАРИЯ,A4013
A61,БУЛ. ЧЕРНИ ВРЪХ,A4009
A61,ЗЛАТНИ МОСТОВЕ,A4010
A61,ЗЛАТНИ МОСТОВЕ,A4011
A63,ЗООПАРКА,A4155
A63,ХИЖА АЛЕКО,A4262
A65,АВТОСТАНЦИЯ ОВЧА КУПЕЛ,A4315
A65,ВЗ. ЛЮЛИН,A4314
A66,83-ТО ОУ ПАНЧАРЕВО,A343
A66,АВТОСТАНЦИЯ ГЕО МИЛЕВ,A2611
A66,АВТОСТАНЦИЯ ГЕО МИЛЕВ,A2614
A66,КОКАЛЯНСКО ХАНЧЕ,A2615
A66,СЕЛО КОКАЛЯНЕ,A3105
A66,СЕЛО КОКАЛЯНЕ,A3106
A68,СЕЛО ДОЛНИ ПАСАРЕЛ,A4110
A68,СЕЛО ДОЛНИ ПАСАРЕЛ,A4111
A68,УЛ. ГЕН. ГУРКО,A4109
A69,Ж.К. МЛАДОСТ-1,A2488
A69,КОКАЛЯНСКО ХАНЧЕ,A2093
A70,АВТОСТАНЦИЯ ГЕО МИЛЕВ,A2618
A70,АВТОСТАНЦИЯ ГЕО МИЛЕВ,A3022
A70,СЕЛО ДОЛНИ ЛОЗЕН,A2619
A70,ШКОЛА БЧК,A3107
A72,ГАРА ИСКЪР,A3039
A72,ЖП ГАРА ВЕРИЛА,A3040
A74,ГАРА ИСКЪР,A2050
A74,ГАРА ИСКЪР,A339
A74,СЕЛО ГЕРМАН,A2047
A74,СЕЛО КРИВИНА,A2051
A74,СЕЛО КРИВИНА,A2049
A75,ГАРА ИСКЪР,A1117
A75,КВ. БУСМАНЦИ,A2659
A75,КВ. Д. МИЛЕНКОВ,A2224
A75,КВ. Д. МИЛЕНКОВ,A1118
A76,АВТОСТАНЦИЯ ИЗТОК,A2225
A76,ГАРА ИСКЪР,A1102
A77,Ж.К. ДИАНАБАД,A2545
A77,КВ. СИМЕОНОВО,A3578
A77,КВ. СИМЕОНОВО,A3615
A77,МЕТРОСТАНЦИЯ Г. М. ДИМИТРОВ,A2544
A77,СЕМИНАРИЯТА,A1725
A77,СЕМИНАРИЯТА,A2546
A78,МЕСТНОСТ ЯРЕМА,A2362
A78,НСБАЛ ПО ОНКОЛОГИЯ,A2364
A78,НСБАЛ ПО ОНКОЛОГИЯ,A1350
A78,НСБАЛ ПО ОНКОЛОГИЯ,A2363
A78,НСБАЛ ПО ОНКОЛОГИЯ,A1366
A78,НСБАЛ ПО ОНКОЛОГИЯ,A1353
A78,СЕЛО БИСТРИЦА,A3624
A78,ЦАРЕВА МАХАЛА,A1351
A78,ЦАРЕВА МАХАЛА,A3623
A79,НСБАЛ ПО ОНКОЛОГИЯ,A4148
A79,НСБАЛ ПО ОНКОЛОГИЯ,A4150
A79,СЕЛО ПЛАНА,A4149
A79,СЕЛО ПЛАНА,A1354
A8,Ж.К. ЗАПАДЕН ПАРК,A1074
A8,ЦЕНТРАЛНА ГАРА,A1075
A80,АВТОСТАНЦИЯ ГЕО МИЛЕВ,A3260
A80,ПЛ. ОРЛОВ МОСТ,A840
A81,Ж.К. ГОЦЕ ДЕЛЧЕВ,A4233
A81,Ж.К. ГОЦЕ ДЕЛЧЕВ,A3697
A81,Ж.К. МЛАДОСТ-4,A4235
A81,Ж.К. МЛАДОСТ-4,A4234
A82,Ж.К. ДРУЖБА-2,A2375
A82,ЗООПАРКА,A53
A84,Ж.К. ГОЦЕ ДЕЛЧЕВ,A3694
A84,Ж.К. ГОЦЕ ДЕЛЧЕВ,A3695
A84,Ж.К. ДРУЖБА-2,A2228
A85,БЛ. 480 Ж.К. МЛАДОСТ-4,A3949
A85,ЦЕНТРАЛНА ГАРА,A4231
A85,ЦЕНТРАЛНА ГАРА,A4232
A87,КУЛИНАРЕН К-Т ПЕЙФИЛ,A1221
A87,ЦЕНТРАЛНА ГАРА,A1222
A9,АП ЗЕМЛЯНЕ,A806
A9,БАЛКАНКАР АД,A4258
A9,ЗООПАРКА,A4257
A9,ЗООПАРКА,A232
A9,СТАДИОН ЛОКОМОТИВ - ВРЕМЕННА,A4256
A9,СТАДИОН ЛОКОМОТИВ - ВРЕМЕННА,A4259
A90,ГАРА СОФИЯ СЕВЕР,A3969
A90,ТЕХНОПОЛИС Ж.К. МЛАДОСТ-4,A3968
A90,ТЕХНОПОЛИС Ж.К. МЛАДОСТ-4,A3972
A91,ГАРА ИСКЪР,A967
A91,УМБАЛСМ ПИРОГОВ,A968
A98,МЕТРОСТАНЦИЯ СЛИВНИЦА,A1365
A98,ПЪТЕН ВЪЗЕЛ КАЛОТИНА,A1364
A99,ЛЕТИЩЕ СОФИЯ ТЕРМИНАЛ 2,A3861
A99,ЛЕТИЩЕ СОФИЯ ТЕРМИНАЛ 2,A1316
A99,РАЗКЛОНА ЗА ЛЕТИЩЕТО,A3859
A99,УЛ. ГЕН. ГУРКО,A3858
A99,УЛ. ГЕН. ГУРКО,A3860
M1,КОНСТАНТИН ВЕЛИЧКОВ,M1M2_0
TB1,БУЛ. ПРОФ.ЦВ. ЛАЗАРОВ,TB519
TB1,БУЛ. ХРИСТОФОР КОЛУМБ,TB58
TB1,Ж.К. ДРУЖБА-2,TB2
TB1,Ж.К. ДРУЖБА-2,TB28
TB1,Ж.К. ХАДЖИ ДИМИТЪР,TB3
TB1,Ж.К. ХАДЖИ ДИМИТЪР,TB25
TB10,Ж.К. ЛЕВСКИ Г,TB10
TB10,Ж.К. ЛЕВСКИ Г,TB98
TB10,ПЕТА ГРАДСКА БОЛНИЦА,TB11
TB10,ПЕТА ГРАДСКА БОЛНИЦА,TB102
TB10,УЛ. ПОП ГРУЙО,TB896
TB2,Ж.К. ДРУЖБА -1,TB638
TB2,ПЛ. СТОЧНА ГАРА,TB613
TB24,АВТОСТАНЦИЯ ГЕО МИЛЕВ,TB809
TB24,ЛИФТА СИМЕОНОВО,TB811
TB3,ПЛОЩАД НА АВИАЦИЯТА,TB49
TB3,ПЛОЩАД НА АВИАЦИЯТА,TB109
TB3,УЛ. ВИШОВГРАД,TB866
TB3,УЛ. ВИШОВГРАД,TB872
TB3,УМБАЛ СВ. АННА-УХО,TB295
TB3,УМБАЛ СВ. АННА-УХО,TB507
TB32,Ж.К. ЛЕВСКИ Г,TB320
TB32,Ж.К. ЛЕВСКИ Г,TB556
TB32,ПЛОЩАД НА АВИАЦИЯТА,TB49
TB32,ПЛОЩАД НА АВИАЦИЯТА,TB877
TB32,УМБАЛ СВ. АННА-УХО,TB1094
TB32,УМБАЛ СВ. АННА-УХО,TB507
TB33,АВТОСТАНЦИЯ ГЕО МИЛЕВ,TB889
TB33,село Герман,TB890
TB34,АВТОСТАНЦИЯ ГЕО МИЛЕВ,TB892
TB34,Ж.К. ДРУЖБА-1,TB893
TB35,БУЛ. КН. МАРИЯ ЛУИЗА,TB916
TB35,Ж.К. ОВЧА КУПЕЛ-2,TB915
TB35,УЛ. ПИРОТСКА,TB917
TB36,БУЛ. КН. МАРИЯ ЛУИЗА,TB1014
TB36,Ж.К. ГОЦЕ ДЕЛЧЕВ,TB1013
TB39,БЛ. 41 Ж.К. МЛАДОСТ-1,TB1008
TB39,Ж.К. МЛАДОСТ-1,TB952
TB39,Ж.К. МЛАДОСТ-1,TB958
TB39,Ж.К. МЛАДОСТ-1,TB956
TB39,Ж.К. МЛАДОСТ-1,TB957
TB39,Ж.К. ОВЧА КУПЕЛ-2,TB1006
TB39,Ж.К. ОВЧА КУПЕЛ-2,TB945
TB39,Ж.К. ОВЧА КУПЕЛ-2,TB1030
TB39,Ж.К. ОВЧА КУПЕЛ-2,TB922
TB39,НЦ ПО РЕХАБИЛИТАЦИЯ,TB1007
TB39,НЦ ПО РЕХАБИЛИТАЦИЯ,TB921
TB39,УМБАЛ СВ. АННА,TB954
TB4,Ж.К. ГОЦЕ ДЕЛЧЕВ,TB875
TB4,Ж.К. ГОЦЕ ДЕЛЧЕВ,TB334
TB4,ПЛ. СТОЧНА ГАРА,TB192
TB4,ПЛ. СТОЧНА ГАРА,TB73
TB4,СУ СВ.КЛИМЕНТ ОХРИДСКИ,TB74
TB4,УЛ. ГЕН. ГУРКО,TB578
TB41,Ж.К. ГОЦЕ ДЕЛЧЕВ,TB1029
TB41,Ж.к. Красно село,TB1028
TB43,АВТОСТАНЦИЯ ГЕО МИЛЕВ,TB990
TB43,Метростанция Витоша,TB991
TB6,БУЛ. К. ВЕЛИЧКОВ,TB510
TB6,Ж.К. БАНИШОРА,TB830
TB6,Ж.К. ЛОЗЕНЕЦ,TB1083
TB6,Ж.К. ЛОЗЕНЕЦ,TB831
TB6,Ж.К. ЛЮЛИН-3 - УХО,TB82
TB6,Ж.К. ЛЮЛИН-3 - УХО,TB1084
TB7,БУЛ. К. ВЕЛИЧКОВ,TB514
TB7,Ж.К. БАНИШОРА,TB781
TB7,Ж.К. ГОЦЕ ДЕЛЧЕВ,TB780
TB7,Ж.К. ГОЦЕ ДЕЛЧЕВ,TB782
TB7,Ж.К. ЛЮЛИН-3 - УХО,TB779
TB7,Ж.К. ЛЮЛИН-3 - УХО,TB88
TB8,Ж.К. БОРОВО,TB18
TB8,Ж.К. БОРОВО,TB110
TB8,ПЛ. СТОЧНА ГАРА,TB19
TB9,Ж.К. БЪКСТОН,TB12
TB9,Ж.К. БЪКСТОН,TB873
TB9,Ж.К. ХАДЖИ ДИМИТЪР,TB13
TB9,Ж.К. ХАДЖИ ДИМИТЪР,TB409
TB9,СУ СВ.КЛИМЕНТ ОХРИДСКИ,TB381
TB9,УЛ. ГЕН. ГУРКО,TB386
TM20,ДЕПО ИСКЪР,TM8
TM20,Ж.К. ГЕО МИЛЕВ,TM32
TM20,Ж.К. ГЕО МИЛЕВ,TM1806
TM20,МЕТРОСТАНЦИЯ ОПЪЛЧЕНСКА,TM31
TM20,МЕТРОСТАНЦИЯ ОПЪЛЧЕНСКА,TM652
TM20,МЛАДЕЖКИ ТЕАТЪР,TM1805
TM20,МЛАДЕЖКИ ТЕАТЪР,TM1313
TM22,АВТОСТАНЦИЯ ИЗТОК,TM4
TM22,АВТОСТАНЦИЯ ИЗТОК,TM28
TM22,АВТОСТАНЦИЯ ИЗТОК,TM39
TM22,АВТОСТАНЦИЯ ИЗТОК,TM1333
TM22,ГАРА ПОДУЯНЕ,TM40
TM22,Гара Подуяне,TM42
TM22,ГАРА ПОДУЯНЕ,TM51
TM22,ГАРА ПОДУЯНЕ,TM44
TM22,Гара Подуяне,TM37
TM22,ДЕПО ИСКЪР,TM43
TM22,ДЕПО ИСКЪР,TM41
TM22,Ж.К. ГЕО МИЛЕВ,TM1637
TM22,Ж.К. КРАСНА ПОЛЯНА,TM3
TM22,Ж.К. КРАСНА ПОЛЯНА,TM38
TM22,МЛАДЕЖКИ ТЕАТЪР,TM1332
TM22,ПЛ. ВАСИЛ ЛЕВСКИ,TM958
TM24,Гара Захарна фабрика,TM935
TM24,Гара Захарна фабрика,TM267
TM24,МЕТРОСТАНЦИЯ ВИТОША,TM936
TM24,МЕТРОСТАНЦИЯ ВИТОША,TM1730
TM24,МЕТРОСТАНЦИЯ К. ВЕЛИЧКОВ,TM1729
TM24,УЛ. ЦАР СИМЕОН,TM268
TM25,КВ. КНЯЖЕВО,TM86
TM25,КВ. КНЯЖЕВО,TM1741
TM25,Кв. Овча купел,TM674
TM25,СЪДЕБНА ПАЛАТА,TM85
TM27,Ж.К. ИВАН ВАЗОВ,TM1795
TM27,Ж.К. ИВАН ВАЗОВ,TM1796
TM27,НАДЛЕЗ НАДЕЖДА,TM1577
TM27,НАДЛЕЗ НАДЕЖДА,TM1432
TM27,ПЛ. МАКЕДОНИЯ,TM1328
TM28,Гара Захарна фабрика,TM251
TM28,Гара Захарна фабрика,TM937
TM28,КВ. ОРЛАНДОВЦИ,TM250
TM28,КВ. ОРЛАНДОВЦИ,TM1501
TM28,МЕТРОСТАНЦИЯ К. ВЕЛИЧКОВ,TM103
TM28,УЛ. ДИМИТЪР ПЕТКОВ,TM1502
TM29,Ж.К. ВРЪБНИЦА 1,TM1110
TM29,Ж.К. ВРЪБНИЦА 1,TM1794
TM29,КВ. КНЯЖЕВО,TM1111
TM29,КВ. КНЯЖЕВО,TM1214
TM29,ТРИЪГЪЛНИКА,TM1177
TM29,УЛ. ЙОСИФ ЩРОСМАЙЕР,TM1495
TM30,КВ. МАНАСТИРСКИ ЛИВАДИ-ЗАПАД,TM1299
TM30,КВ. МАНАСТИРСКИ ЛИВАДИ-ЗАПАД,TM1366
TM30,МЕТРОСТАНЦИЯ ХАН КУБРАТ,TM1298
TM30,МЕТРОСТАНЦИЯ ХАН КУБРАТ,TM1347
TM30,ПЛ. МАКЕДОНИЯ,TM1330
TM30,УЛ. ПИРОТСКА,TM1348
TM32,Ж.К. ИВАН ВАЗОВ,TM1797
TM32,Ж.К. ИВАН ВАЗОВ,TM1798
TM32,Ж.К. ОБЕЛЯ-2,TM1162
TM32,Ж.К. ОБЕЛЯ-2,TM1147
TM32,ПЕТА ГРАДСКА БОЛНИЦА,TM1165
TM32,ТРИЪГЪЛНИКА,TM1129
TM33,ГАРА СОФИЯ СЕВЕР,TM1719
TM33,ГАРА СОФИЯ СЕВЕР,TM299
TM33,ПЕТА ГРАДСКА БОЛНИЦА,TM791
TM33,ПЛ. ЖУРНАЛИСТ,TM1718
TM33,ПЛ. ЖУРНАЛИСТ,TM790
TM33,ТРИЪГЪЛНИКА,TM298
TM34,КВ. ОРЛАНДОВЦИ,TM124
TM34,КВ. ОРЛАНДОВЦИ,TM1560
TM34,ПЛ. ГАРИБАЛДИ,TM631
TM34,ПЛ. ЖУРНАЛИСТ,TM125
TM34,ПЛ. ЖУРНАЛИСТ,TM630
TM34,ПЛ. СВ. НЕДЕЛЯ,TM1559
TM40,Ж.к. Бъкстон,TM1762
TM40,Ж.к. Бъкстон,TM1142
TM40,МЕТРОСТАНЦИЯ ВИТОША,TM1761
TM40,МЕТРОСТАНЦИЯ ВИТОША,TM979
TM40,ПЛ. МАКЕДОНИЯ,TM980
TM40,Пл. Македония,TM1141
TM50,28-МИ ПОЩЕНСКИ КЛОН,TM1170
TM50,Ж.К. ГЕО МИЛЕВ,TM1172
TM50,Ж.К. ГЕО МИЛЕВ,TM1171
TM50,УЛ. ОБИКОЛНА,TM1494
TM51,Бул. Никола Петков,TM726
TM51,Бул. Никола Петков,TM1745
TM51,Кв. Овча купел,TM693
TM51,КВ. ОРЛАНДОВЦИ,TM727
TM51,КВ. ОРЛАНДОВЦИ,TM198
TM51,УЛ. ПИРОТСКА,TM191
TM55,ГАРА СОФИЯ СЕВЕР,TM1752
TM55,ГАРА СОФИЯ СЕВЕР,TM1754
TM55,КВ. МАНАСТИРСКИ ЛИВАДИ-ЗАПАД,TM1751
TM55,КВ. МАНАСТИРСКИ ЛИВАДИ-ЗАПАД,TM1366
TM55,ПЛ. МАКЕДОНИЯ,TM1330
TM55,ПЛ. МАКЕДОНИЯ,TM1753
TM56,ДЕПО ИСКЪР,TM1746
TM56,Ж.К. ГЕО МИЛЕВ,TM32
TM56,Ж.К. ГЕО МИЛЕВ,TM15
TM56,МЕТРОСТАНЦИЯ ОПЪЛЧЕНСКА,TM31